-- --------------------------------------------------------
-- Host:                         127.0.0.1
-- Server version:               10.1.31-MariaDB - mariadb.org binary distribution
-- Server OS:                    Win32
-- HeidiSQL Version:             9.5.0.5196
-- --------------------------------------------------------

/*!40101 SET @OLD_CHARACTER_SET_CLIENT=@@CHARACTER_SET_CLIENT */;
/*!40101 SET NAMES utf8 */;
/*!50503 SET NAMES utf8mb4 */;
/*!40014 SET @OLD_FOREIGN_KEY_CHECKS=@@FOREIGN_KEY_CHECKS, FOREIGN_KEY_CHECKS=0 */;
/*!40101 SET @OLD_SQL_MODE=@@SQL_MODE, SQL_MODE='NO_AUTO_VALUE_ON_ZERO' */;


-- Dumping database structure for apiserver
DROP DATABASE IF EXISTS `apiserver`;
CREATE DATABASE IF NOT EXISTS `apiserver` /*!40100 DEFAULT CHARACTER SET latin1 */;
USE `apiserver`;

-- Dumping structure for table apiserver.allocation_transactions
DROP TABLE IF EXISTS `allocation_transactions`;
CREATE TABLE IF NOT EXISTS `allocation_transactions` (
  `AllocationTransactionID` int(10) unsigned NOT NULL AUTO_INCREMENT,
  `AllocationID` int(11) NOT NULL DEFAULT '0',
  `Credits` double NOT NULL DEFAULT '0',
  `Rate` double NOT NULL DEFAULT '1',
  `Status` int(11) NOT NULL DEFAULT '1',
  `created_at` timestamp NULL DEFAULT NULL,
  `updated_at` timestamp NULL DEFAULT NULL,
  PRIMARY KEY (`AllocationTransactionID`)
) ENGINE=InnoDB AUTO_INCREMENT=7 DEFAULT CHARSET=utf8mb4 COLLATE=utf8mb4_unicode_ci;

-- Dumping data for table apiserver.allocation_transactions: ~6 rows (approximately)
DELETE FROM `allocation_transactions`;
/*!40000 ALTER TABLE `allocation_transactions` DISABLE KEYS */;
INSERT INTO `allocation_transactions` (`AllocationTransactionID`, `AllocationID`, `Credits`, `Rate`, `Status`, `created_at`, `updated_at`) VALUES
	(1, 1, 200000, 1, 1, '2019-05-26 21:18:18', '2019-05-26 21:18:18'),
	(2, 2, 350000, 1, 1, '2019-05-26 21:47:47', '2019-05-26 21:47:47'),
	(3, 1, -100, 1, 4, '2019-05-26 22:08:01', '2019-05-26 22:08:01'),
	(4, 1, 100, 1, 4, '2019-05-26 22:16:11', '2019-05-26 22:16:11'),
	(5, 1, -500, 1, 4, '2019-05-26 22:19:01', '2019-05-26 22:19:01'),
	(6, 1, 500, 1, 4, '2019-05-26 22:19:16', '2019-05-26 22:19:16'),
	(7, 3, 250000, 1, 1, '2019-06-02 19:35:02', '2019-06-02 19:35:02');
/*!40000 ALTER TABLE `allocation_transactions` ENABLE KEYS */;

-- Dumping structure for table apiserver.carriers
DROP TABLE IF EXISTS `carriers`;
CREATE TABLE IF NOT EXISTS `carriers` (
  `CarrierID` int(10) unsigned NOT NULL AUTO_INCREMENT,
  `CarrierName` varchar(191) COLLATE utf8mb4_unicode_ci NOT NULL,
  `Status` int(11) NOT NULL,
  `created_at` timestamp NULL DEFAULT NULL,
  `updated_at` timestamp NULL DEFAULT NULL,
  PRIMARY KEY (`CarrierID`)
) ENGINE=InnoDB AUTO_INCREMENT=100 DEFAULT CHARSET=utf8mb4 COLLATE=utf8mb4_unicode_ci;

-- Dumping data for table apiserver.carriers: ~4 rows (approximately)
DELETE FROM `carriers`;
/*!40000 ALTER TABLE `carriers` DISABLE KEYS */;
INSERT INTO `carriers` (`CarrierID`, `CarrierName`, `Status`, `created_at`, `updated_at`) VALUES
	(1, 'Smart', 1, '2019-05-26 21:11:35', NULL),
	(2, 'Globe', 1, '2019-05-26 21:11:35', NULL),
	(3, 'Sun', 1, '2019-05-26 21:11:35', NULL),
	(99, 'System', 1, '2019-05-26 21:11:35', NULL);
/*!40000 ALTER TABLE `carriers` ENABLE KEYS */;

-- Dumping structure for table apiserver.client_allocations
DROP TABLE IF EXISTS `client_allocations`;
CREATE TABLE IF NOT EXISTS `client_allocations` (
  `AllocationID` int(10) unsigned NOT NULL AUTO_INCREMENT,
  `ClientID` int(11) NOT NULL,
  `Interval` int(11) NOT NULL,
  `Budget` decimal(11,2) NOT NULL,
  `Consumed` decimal(11,2) NOT NULL,
  `Rate` decimal(11,2) NOT NULL,
  `StartDate` datetime DEFAULT NULL,
  `EndDate` datetime DEFAULT NULL,
  `Success` int(11) NOT NULL DEFAULT '0',
  `Failed` int(11) NOT NULL DEFAULT '0',
  `Status` int(11) NOT NULL,
  `created_at` timestamp NULL DEFAULT NULL,
  `updated_at` timestamp NULL DEFAULT NULL,
  PRIMARY KEY (`AllocationID`)
) ENGINE=InnoDB AUTO_INCREMENT=3 DEFAULT CHARSET=utf8mb4 COLLATE=utf8mb4_unicode_ci;

-- Dumping data for table apiserver.client_allocations: ~2 rows (approximately)
DELETE FROM `client_allocations`;
/*!40000 ALTER TABLE `client_allocations` DISABLE KEYS */;
INSERT INTO `client_allocations` (`AllocationID`, `ClientID`, `Interval`, `Budget`, `Consumed`, `Rate`, `StartDate`, `EndDate`, `Success`, `Failed`, `Status`, `created_at`, `updated_at`) VALUES
	(1, 2, 1, 200000.00, 14.37, 1.00, '2019-05-26 00:00:00', '2019-05-26 00:00:00', 2, 1, 1, '2019-05-26 21:18:18', '2019-05-26 22:19:16'),
	(2, 3, 2, 350000.00, 19.10, 1.00, '2019-05-26 00:00:00', '2019-06-01 00:00:00', 7, 5, 1, '2019-05-26 21:47:47', '2019-05-27 21:36:57'),
	(3, 4, 2, 250000.00, 9.55, 1.00, '2019-06-02 00:00:00', '2019-06-08 00:00:00', 1, 0, 1, '2019-06-02 19:35:02', '2019-06-02 19:38:20');
/*!40000 ALTER TABLE `client_allocations` ENABLE KEYS */;

-- Dumping structure for table apiserver.client_credits
DROP TABLE IF EXISTS `client_credits`;
CREATE TABLE IF NOT EXISTS `client_credits` (
  `id` int(10) unsigned NOT NULL AUTO_INCREMENT,
  `clientId` int(11) NOT NULL,
  `balance` double NOT NULL DEFAULT '0',
  `consumed` double NOT NULL DEFAULT '0',
  `created_at` timestamp NULL DEFAULT NULL,
  `updated_at` timestamp NULL DEFAULT NULL,
  PRIMARY KEY (`id`)
) ENGINE=InnoDB DEFAULT CHARSET=utf8mb4 COLLATE=utf8mb4_unicode_ci;

-- Dumping data for table apiserver.client_credits: ~0 rows (approximately)
DELETE FROM `client_credits`;
/*!40000 ALTER TABLE `client_credits` DISABLE KEYS */;
/*!40000 ALTER TABLE `client_credits` ENABLE KEYS */;

-- Dumping structure for table apiserver.client_transactions
DROP TABLE IF EXISTS `client_transactions`;
CREATE TABLE IF NOT EXISTS `client_transactions` (
  `TransactionID` int(10) unsigned NOT NULL AUTO_INCREMENT,
  `ClientID` int(11) NOT NULL,
  `RecipientNumber` varchar(191) COLLATE utf8mb4_unicode_ci NOT NULL,
  `ProductCode` varchar(191) COLLATE utf8mb4_unicode_ci DEFAULT NULL,
  `CarrierID` varchar(191) COLLATE utf8mb4_unicode_ci NOT NULL,
  `Amount` decimal(11,2) NOT NULL DEFAULT '0.00',
  `Balance` decimal(11,2) NOT NULL DEFAULT '0.00',
  `AmountCharged` decimal(11,2) NOT NULL DEFAULT '0.00',
  `Type` varchar(191) COLLATE utf8mb4_unicode_ci NOT NULL,
  `Status` int(11) NOT NULL DEFAULT '0',
  `Reference` varchar(191) COLLATE utf8mb4_unicode_ci NOT NULL DEFAULT '',
  `created_at` timestamp NULL DEFAULT NULL,
  `updated_at` timestamp NULL DEFAULT NULL,
  PRIMARY KEY (`TransactionID`)
) ENGINE=InnoDB AUTO_INCREMENT=22 DEFAULT CHARSET=utf8mb4 COLLATE=utf8mb4_unicode_ci;

-- Dumping data for table apiserver.client_transactions: ~21 rows (approximately)
DELETE FROM `client_transactions`;
/*!40000 ALTER TABLE `client_transactions` DISABLE KEYS */;
INSERT INTO `client_transactions` (`TransactionID`, `ClientID`, `RecipientNumber`, `ProductCode`, `CarrierID`, `Amount`, `Balance`, `AmountCharged`, `Type`, `Status`, `Reference`, `created_at`, `updated_at`) VALUES
	(1, 2, '', 'INITIAL CREDIT', '99', 200000.00, 0.00, 200000.00, '5', 1, '0', '2019-05-26 21:18:19', '2019-05-26 21:18:19'),
	(2, 2, '09398861266', '15', '1', -15.00, 199985.63, -14.37, '3', 1, '676526317507', '2019-05-26 21:34:25', '2019-05-26 21:35:56'),
	(3, 2, '09398861266', 'TEST', '1', -10.00, 199976.30, -9.33, '3', 2, '0', '2019-05-26 21:45:29', '2019-05-26 21:55:56'),
	(4, 3, '', 'INITIAL CREDIT', '99', 350000.00, 0.00, 350000.00, '5', 1, '0', '2019-05-26 21:47:47', '2019-05-26 21:47:47'),
	(5, 3, '09398861266', 'TEST', '1', -10.00, 349990.67, -9.33, '3', 2, '0', '2019-05-26 21:53:59', '2019-05-26 22:04:56'),
	(6, 3, '09398861266', 'TEST', '1', -10.00, 349981.34, -9.33, '3', 2, '0', '2019-05-26 21:54:19', '2019-05-26 22:04:56'),
	(7, 3, '09398861266', 'TEST', '1', -10.00, 349972.01, -9.33, '3', 2, '0', '2019-05-26 21:54:39', '2019-05-26 22:04:56'),
	(8, 2, '09398861266', 'TEST', '1', 10.00, 199985.63, 9.33, '6', 6, '3', '2019-05-26 21:55:56', '2019-05-26 21:55:56'),
	(9, 3, '09398861266', 'TEST', '1', 10.00, 349981.34, 9.33, '6', 6, '5', '2019-05-26 22:04:55', '2019-05-26 22:04:55'),
	(10, 3, '09398861266', 'TEST', '1', 10.00, 349990.67, 9.33, '6', 6, '6', '2019-05-26 22:04:55', '2019-05-26 22:04:55'),
	(11, 3, '09398861266', 'TEST', '1', 10.00, 350000.00, 9.33, '6', 6, '7', '2019-05-26 22:04:55', '2019-05-26 22:04:55'),
	(12, 2, '', 'REMOVE CREDITS', '99', -100.00, 199885.63, -100.00, '1', 4, '0', '2019-05-26 22:08:01', '2019-05-26 22:08:01'),
	(13, 2, '', 'ADD CREDITS', '99', 100.00, 199985.63, 100.00, '0', 4, '0', '2019-05-26 22:16:11', '2019-05-26 22:16:11'),
	(14, 2, '', 'REMOVE CREDITS', '99', -500.00, 199485.63, -500.00, '1', 4, '0', '2019-05-26 22:19:01', '2019-05-26 22:19:01'),
	(15, 2, '', 'ADD CREDITS', '99', 500.00, 199985.63, 500.00, '0', 4, '0', '2019-05-26 22:19:16', '2019-05-26 22:19:16'),
	(16, 3, '09954572368', 'GOSURF10', '2', -10.00, 349990.45, -9.55, '3', 1, '43349006', '2019-05-27 21:13:57', '2019-05-27 21:14:55'),
	(17, 3, '09954572368', 'TEST', '2', -10.00, 349980.45, -10.00, '3', 2, '0', '2019-05-27 21:19:56', '2019-05-27 21:26:57'),
	(18, 3, '09954572368', 'GOSURF10', '2', -10.00, 349970.90, -9.55, '3', 1, '41904499', '2019-05-27 21:20:31', '2019-05-27 21:20:55'),
	(19, 3, '09954572368', 'TEST', '2', 10.00, 349980.90, 10.00, '6', 6, '17', '2019-05-27 21:26:57', '2019-05-27 21:26:57'),
	(20, 3, '09388257463', 'GT10', '1', -10.00, 349971.54, -9.36, '3', 2, '0', '2019-05-27 21:29:52', '2019-05-27 21:36:57'),
	(21, 3, '09388257463', 'GT10', '1', 10.00, 349980.90, 9.36, '6', 6, '20', '2019-05-27 21:36:56', '2019-05-27 21:36:56'),
	(22, 4, '', 'INITIAL CREDIT', '99', 250000.00, 0.00, 250000.00, '5', 1, '0', '2019-06-02 19:35:02', '2019-06-02 19:35:02'),
	(23, 4, '09455368073', 'GOSURF10', '2', -10.00, 249990.45, -9.55, '3', 1, '108311117', '2019-06-02 19:38:20', '2019-06-02 19:38:55');
/*!40000 ALTER TABLE `client_transactions` ENABLE KEYS */;

-- Dumping structure for table apiserver.credit_payments
DROP TABLE IF EXISTS `credit_payments`;
CREATE TABLE IF NOT EXISTS `credit_payments` (
  `PaymentID` int(10) unsigned NOT NULL AUTO_INCREMENT,
  `AllocationID` int(11) NOT NULL,
  `Amount` decimal(11,2) NOT NULL,
  `Date` date NOT NULL,
  `created_at` timestamp NULL DEFAULT NULL,
  `updated_at` timestamp NULL DEFAULT NULL,
  PRIMARY KEY (`PaymentID`)
) ENGINE=InnoDB AUTO_INCREMENT=3 DEFAULT CHARSET=utf8mb4 COLLATE=utf8mb4_unicode_ci;

-- Dumping data for table apiserver.credit_payments: ~2 rows (approximately)
DELETE FROM `credit_payments`;
/*!40000 ALTER TABLE `credit_payments` DISABLE KEYS */;
INSERT INTO `credit_payments` (`PaymentID`, `AllocationID`, `Amount`, `Date`, `created_at`, `updated_at`) VALUES
	(1, 1, 0.00, '2019-06-01', '2019-06-01 21:24:59', '2019-06-01 21:24:59');
/*!40000 ALTER TABLE `credit_payments` ENABLE KEYS */;

-- Dumping structure for table apiserver.gateways
DROP TABLE IF EXISTS `gateways`;
CREATE TABLE IF NOT EXISTS `gateways` (
  `GatewayID` int(10) unsigned NOT NULL AUTO_INCREMENT,
  `Name` varchar(191) COLLATE utf8mb4_unicode_ci NOT NULL,
  `CarrierID` int(11) NOT NULL,
  `Address` varchar(191) COLLATE utf8mb4_unicode_ci DEFAULT NULL,
  `SIM` varchar(191) COLLATE utf8mb4_unicode_ci NOT NULL,
  `Type` int(11) NOT NULL,
  `Balance` decimal(11,2) NOT NULL,
  `Minimum` decimal(11,2) NOT NULL,
  `Priority` int(11) NOT NULL,
  `Status` int(11) NOT NULL,
  `created_at` timestamp NULL DEFAULT NULL,
  `updated_at` timestamp NULL DEFAULT NULL,
  `Is_Deleted` int(11) NOT NULL DEFAULT '0',
  PRIMARY KEY (`GatewayID`)
) ENGINE=InnoDB AUTO_INCREMENT=3 DEFAULT CHARSET=utf8mb4 COLLATE=utf8mb4_unicode_ci;

-- Dumping data for table apiserver.gateways: ~2 rows (approximately)
DELETE FROM `gateways`;
/*!40000 ALTER TABLE `gateways` DISABLE KEYS */;
INSERT INTO `gateways` (`GatewayID`, `Name`, `CarrierID`, `Address`, `SIM`, `Type`, `Balance`, `Minimum`, `Priority`, `Status`, `created_at`, `updated_at`, `Is_Deleted`) VALUES
	(1, 'Globe01', 2, NULL, '09155243797', 1, 75.90, 5.00, 1, 1, '2019-05-26 21:11:36', '2019-06-02 19:38:55', 0),
	(2, 'Smart01', 1, NULL, '09997459245', 1, 198.33, 100.00, 1, 1, '2019-05-26 21:11:36', '2019-05-26 21:35:56', 0);
/*!40000 ALTER TABLE `gateways` ENABLE KEYS */;

-- Dumping structure for table apiserver.inbox
DROP TABLE IF EXISTS `inbox`;
CREATE TABLE IF NOT EXISTS `inbox` (
  `Id` int(10) unsigned NOT NULL AUTO_INCREMENT,
  `SendTime` datetime DEFAULT NULL,
  `ReceiveTime` datetime DEFAULT NULL,
  `MessageFrom` varchar(191) COLLATE utf8mb4_unicode_ci DEFAULT NULL,
  `MessageTo` varchar(191) COLLATE utf8mb4_unicode_ci DEFAULT NULL,
  `SMSC` varchar(191) COLLATE utf8mb4_unicode_ci DEFAULT NULL,
  `MessageText` text COLLATE utf8mb4_unicode_ci,
  `MessageType` varchar(191) COLLATE utf8mb4_unicode_ci DEFAULT NULL,
  `MessageParts` int(11) DEFAULT NULL,
  `MessagePDU` text COLLATE utf8mb4_unicode_ci,
  `Gateway` varchar(191) COLLATE utf8mb4_unicode_ci DEFAULT NULL,
  `UserId` varchar(191) COLLATE utf8mb4_unicode_ci DEFAULT NULL,
  `created_at` timestamp NULL DEFAULT NULL,
  `updated_at` timestamp NULL DEFAULT NULL,
  PRIMARY KEY (`Id`)
) ENGINE=InnoDB DEFAULT CHARSET=utf8mb4 COLLATE=utf8mb4_unicode_ci;

-- Dumping data for table apiserver.inbox: ~0 rows (approximately)
DELETE FROM `inbox`;
/*!40000 ALTER TABLE `inbox` DISABLE KEYS */;
/*!40000 ALTER TABLE `inbox` ENABLE KEYS */;

-- Dumping structure for table apiserver.messagein
DROP TABLE IF EXISTS `messagein`;
CREATE TABLE IF NOT EXISTS `messagein` (
  `Id` int(10) unsigned NOT NULL AUTO_INCREMENT,
  `SendTime` datetime DEFAULT NULL,
  `ReceiveTime` datetime DEFAULT NULL,
  `MessageFrom` varchar(191) COLLATE utf8mb4_unicode_ci DEFAULT NULL,
  `MessageTo` varchar(191) COLLATE utf8mb4_unicode_ci DEFAULT NULL,
  `SMSC` varchar(191) COLLATE utf8mb4_unicode_ci DEFAULT NULL,
  `MessageText` text COLLATE utf8mb4_unicode_ci,
  `MessageType` varchar(191) COLLATE utf8mb4_unicode_ci DEFAULT NULL,
  `MessageParts` int(11) DEFAULT NULL,
  `MessagePDU` text COLLATE utf8mb4_unicode_ci,
  `Gateway` varchar(191) COLLATE utf8mb4_unicode_ci DEFAULT NULL,
  `UserId` varchar(191) COLLATE utf8mb4_unicode_ci DEFAULT NULL,
  `Scanned` int(11) NOT NULL DEFAULT '0',
  `created_at` timestamp NOT NULL DEFAULT CURRENT_TIMESTAMP,
  `updated_at` timestamp NULL DEFAULT NULL,
  PRIMARY KEY (`Id`)
) ENGINE=InnoDB AUTO_INCREMENT=27 DEFAULT CHARSET=utf8mb4 COLLATE=utf8mb4_unicode_ci;

-- Dumping data for table apiserver.messagein: ~26 rows (approximately)
DELETE FROM `messagein`;
/*!40000 ALTER TABLE `messagein` DISABLE KEYS */;
INSERT INTO `messagein` (`Id`, `SendTime`, `ReceiveTime`, `MessageFrom`, `MessageTo`, `SMSC`, `MessageText`, `MessageType`, `MessageParts`, `MessagePDU`, `Gateway`, `UserId`, `Scanned`, `created_at`, `updated_at`) VALUES
	(1, '2019-05-26 21:34:32', NULL, 'SMARTLoad', '639997459245', NULL, '26-May 21:34:09997459245 has loaded Regular Load P15 (P14.33) to 09398861266. New Load Wallet: P198.33. Ref:676526317507', NULL, NULL, NULL, NULL, '', 1, '2019-05-26 21:35:52', '2019-05-26 21:35:56'),
	(2, '2019-05-26 21:45:35', NULL, 'SMARTLoad', '639997459245', NULL, 'Transaction was not processed.  Invalid keyword.  Please check the keyword used and try again.', NULL, NULL, NULL, NULL, '', 0, '2019-05-26 21:45:43', NULL),
	(3, '2019-05-26 21:54:03', NULL, 'SMARTLoad', '639997459245', NULL, 'Transaction was not processed.  Invalid keyword.  Please check the keyword used and try again.', NULL, NULL, NULL, NULL, '', 0, '2019-05-26 21:54:10', NULL),
	(4, '2019-05-26 21:54:24', NULL, 'SMARTLoad', '639997459245', NULL, 'Transaction was not processed.  Invalid keyword.  Please check the keyword used and try again.', NULL, NULL, NULL, NULL, '', 0, '2019-05-26 21:54:31', NULL),
	(5, '2019-05-26 21:54:45', NULL, 'SMARTLoad', '639997459245', NULL, 'Transaction was not processed.  Invalid keyword.  Please check the keyword used and try again.', NULL, NULL, NULL, NULL, '', 0, '2019-05-26 21:54:51', NULL),
	(6, '2019-05-27 17:22:50', NULL, 'AutoLoadMAX', '09155243797', NULL, 'RESOUND 2 or 09064268031 has issued P50.00 credits to 09155243797. Inv. Bal P104.55. Trace No. : 38732704 05/27/2019 05:22PM', NULL, NULL, NULL, NULL, '', 0, '2019-05-27 20:19:22', NULL),
	(7, '2019-05-27 13:53:18', NULL, 'AutoLoadMAX', '09155243797', NULL, 'RESOUND 2 or 09064268031 has issued P50.00 credits to 09155243797. Inv. Bal P54.55. Trace No. : 38042852 05/27/2019 01:53PM', NULL, NULL, NULL, NULL, '', 0, '2019-05-27 20:19:23', NULL),
	(8, '2019-05-27 20:13:56', NULL, 'Globe', '09155243797', NULL, 'Hi! Your load balance as of 05/27/2019 08:13 PM is 49.00, valid till 05/21/2020 09:42 AM. You have 0 texts to all networks. Thanks!', NULL, NULL, NULL, NULL, '', 0, '2019-05-27 20:19:23', NULL),
	(9, '2019-05-27 20:14:58', NULL, '*143#', '', NULL, 'BAL 49.0 27/05/19\r\n0 Favorites\r\n1 GoSAKTO\r\n2 MyAccount\r\n3 GoSURF50\r\n4 Promo Codes\r\n5 Surfing\r\n6 Combos\r\n7 Roaming&Int\'l\r\n8 GCash\r\n9 Loans\r\n10 Rewards\r\n11 GlobeSwitch\r\n12 More', NULL, NULL, NULL, NULL, '1', 0, '2019-05-27 20:19:23', NULL),
	(10, '2019-05-27 20:23:11', NULL, '*100#', '', NULL, '1 Regular Load\r\n2 CallTxt Promos\r\n3 Surf Promos\r\n4 Call and Text Abroad\r\n5 Surf Abroad\r\n6 Cherry Promos', NULL, NULL, NULL, NULL, '1', 0, '2019-05-27 20:23:11', NULL),
	(11, '2019-05-27 20:23:34', NULL, '2', '', NULL, '1 Globe Promos\r\n2 TM Promos\r\n3 Back', NULL, NULL, NULL, NULL, '1', 0, '2019-05-27 20:23:34', NULL),
	(12, '2019-05-27 20:23:55', NULL, '1', '', NULL, 'Enter 11-digit Mobile Number\r\n09xxxxxxxxx', NULL, NULL, NULL, NULL, '1', 0, '2019-05-27 20:23:56', NULL),
	(13, '2019-05-27 20:24:46', NULL, '09954572368', '', NULL, '1 GoALLNET30\r\n2 GoALLNET50\r\n3 GOUNLITXT15\r\n4 GOUNLI20\r\n5 GOUNLI25\r\n6 GOUNLI30\r\n7 GOUNLI50\r\n8 GOUNLI95\r\n9 Back', NULL, NULL, NULL, NULL, '1', 0, '2019-05-27 20:24:47', NULL),
	(14, '2019-05-27 20:29:11', NULL, '*100#', '', NULL, '1 Regular Load\r\n2 CallTxt Promos\r\n3 Surf Promos\r\n4 Call and Text Abroad\r\n5 Surf Abroad\r\n6 Cherry Promos', NULL, NULL, NULL, NULL, '1', 0, '2019-05-27 20:29:12', NULL),
	(15, '2019-05-27 20:29:23', NULL, '3', '', NULL, '1 GP Mobile Internet Promos\r\n2 TM Mobile Internet Promos\r\n3 Home Prepaid Wifi\r\n4 Tattoo Data/ Internet Promos\r\n5 myBusiness Prepaid Internet\r\n6 Back', NULL, NULL, NULL, NULL, '1', 0, '2019-05-27 20:29:24', NULL),
	(16, '2019-05-27 20:29:44', NULL, '1', '', NULL, 'Enter 11-digit Mobile Number\r\n09xxxxxxxxx', NULL, NULL, NULL, NULL, '1', 0, '2019-05-27 20:29:45', NULL),
	(17, '2019-05-27 20:29:55', NULL, '09954572368', '', NULL, '1 GOSURF10\r\n2 GOSURF15\r\n3 GOSURF30\r\n4 GOSURF50\r\n5 GOTSCOMBODD70\r\n6 GOTSCOMBODD90\r\n7 GOSAKTO120\r\n8 GOSAKTO140\r\n9 GOSURF299\r\n10 GOSURF599\r\n11 GOSURF999\r\n12 GOWATCH99\r\n13 Back', NULL, NULL, NULL, NULL, '1', 0, '2019-05-27 20:29:56', NULL),
	(18, '2019-05-27 20:30:11', NULL, '1', '', NULL, 'Load GOSURF10 to 09954572368?\r\n\r\n1 Confirm\r\n2 Back\r\n3 Back to Main Menu', NULL, NULL, NULL, NULL, '1', 0, '2019-05-27 20:30:11', NULL),
	(19, '2019-05-27 20:33:09', NULL, '*100#', '', NULL, '1 Regular Load\r\n2 CallTxt Promos\r\n3 Surf Promos\r\n4 Call and Text Abroad\r\n5 Surf Abroad\r\n6 Cherry Promos', NULL, NULL, NULL, NULL, '1', 0, '2019-05-27 20:33:10', NULL),
	(20, '2019-05-27 20:33:19', NULL, '1', '', NULL, 'Enter 11-digit Mobile Number\r\n09xxxxxxxxx', NULL, NULL, NULL, NULL, '1', 0, '2019-05-27 20:33:19', NULL),
	(21, '2019-05-27 20:33:45', NULL, '09954572368', '', NULL, 'Type denomination (example: 15 for P15)', NULL, NULL, NULL, NULL, '1', 0, '2019-05-27 20:33:46', NULL),
	(22, '2019-05-27 20:33:54', NULL, '10', '', NULL, 'Load 10 to 09954572368?\r\n\r\n1 Confirm\r\n2 Back\r\n3 Back to Main Menu', NULL, NULL, NULL, NULL, '1', 0, '2019-05-27 20:33:55', NULL),
	(23, '2019-05-27 21:14:01', NULL, '*100*3*1*{09954572368}*1*1#', '', NULL, 'Your request is now being processed. You will get a response shortly.', NULL, NULL, NULL, NULL, '16', 0, '2019-05-27 21:14:02', NULL),
	(24, '2019-05-27 21:13:59', NULL, 'AutoLoadMAX', '09155243797', NULL, '05/27/2019 09:13PM. 09155243797 has loaded GOSURF10 (P9.55) to 09954572368. New load wallet balance is P95.00. Ref:43349006', NULL, NULL, NULL, NULL, '', 1, '2019-05-27 21:14:11', '2019-05-27 21:14:55'),
	(25, '2019-05-27 21:20:38', NULL, '*100*3*1*{09954572368}*1*1#', '', NULL, 'Your request is now being processed. You will get a response shortly.', NULL, NULL, NULL, NULL, '18', 0, '2019-05-27 21:20:39', NULL),
	(26, '2019-05-27 21:20:36', NULL, 'AutoLoadMAX', '09155243797', NULL, '05/27/2019 09:20PM. 09155243797 has loaded GOSURF10 (P9.55) to 09954572368. New load wallet balance is P85.45. Ref:41904499', NULL, NULL, NULL, NULL, '', 1, '2019-05-27 21:20:47', '2019-05-27 21:20:55'),
	(27, '2019-06-02 19:38:29', NULL, '*100*3*1*{09455368073}*1*1#', '', NULL, 'Your request is now being processed. You will get a response shortly.', NULL, NULL, NULL, NULL, '23', 0, '2019-06-02 19:38:30', NULL),
	(28, '2019-06-02 19:38:25', NULL, 'AutoLoadMAX', '09155243797', NULL, '06/02/2019 07:38PM. 09155243797 has loaded GOSURF10 (P9.55) to 09455368073. New load wallet balance is P75.90. Ref:108311117', NULL, NULL, NULL, NULL, '', 1, '2019-06-02 19:38:35', '2019-06-02 19:38:55');
/*!40000 ALTER TABLE `messagein` ENABLE KEYS */;

-- Dumping structure for table apiserver.messagelog
DROP TABLE IF EXISTS `messagelog`;
CREATE TABLE IF NOT EXISTS `messagelog` (
  `Id` int(10) unsigned NOT NULL AUTO_INCREMENT,
  `SendTime` datetime DEFAULT NULL,
  `ReceiveTime` datetime DEFAULT NULL,
  `StatusCode` int(11) DEFAULT NULL,
  `StatusText` varchar(191) COLLATE utf8mb4_unicode_ci DEFAULT NULL,
  `MessageTo` varchar(191) COLLATE utf8mb4_unicode_ci DEFAULT NULL,
  `MessageFrom` varchar(191) COLLATE utf8mb4_unicode_ci DEFAULT NULL,
  `MessageText` text COLLATE utf8mb4_unicode_ci,
  `MessageType` varchar(191) COLLATE utf8mb4_unicode_ci DEFAULT NULL,
  `MessageId` varchar(191) COLLATE utf8mb4_unicode_ci DEFAULT NULL,
  `MessageGuid` text COLLATE utf8mb4_unicode_ci,
  `MessageInfo` text COLLATE utf8mb4_unicode_ci,
  `ErrorCode` varchar(191) COLLATE utf8mb4_unicode_ci DEFAULT NULL,
  `ErrorText` text COLLATE utf8mb4_unicode_ci,
  `Gateway` varchar(191) COLLATE utf8mb4_unicode_ci DEFAULT NULL,
  `MessageParts` int(11) DEFAULT NULL,
  `MessagePDU` text COLLATE utf8mb4_unicode_ci,
  `Connector` varchar(191) COLLATE utf8mb4_unicode_ci DEFAULT NULL,
  `UserId` varchar(191) COLLATE utf8mb4_unicode_ci DEFAULT NULL,
  `UserInfo` text COLLATE utf8mb4_unicode_ci,
  `created_at` timestamp NULL DEFAULT NULL,
  `updated_at` timestamp NULL DEFAULT NULL,
  PRIMARY KEY (`Id`)
) ENGINE=InnoDB AUTO_INCREMENT=10 DEFAULT CHARSET=utf8mb4 COLLATE=utf8mb4_unicode_ci;

-- Dumping data for table apiserver.messagelog: ~9 rows (approximately)
DELETE FROM `messagelog`;
/*!40000 ALTER TABLE `messagelog` DISABLE KEYS */;
INSERT INTO `messagelog` (`Id`, `SendTime`, `ReceiveTime`, `StatusCode`, `StatusText`, `MessageTo`, `MessageFrom`, `MessageText`, `MessageType`, `MessageId`, `MessageGuid`, `MessageInfo`, `ErrorCode`, `ErrorText`, `Gateway`, `MessageParts`, `MessagePDU`, `Connector`, `UserId`, `UserInfo`, `created_at`, `updated_at`) VALUES
	(1, '2019-05-26 21:34:33', NULL, 200, NULL, '343', NULL, '15 09398861266', NULL, '18:343:89', NULL, NULL, NULL, NULL, NULL, NULL, NULL, NULL, '2', NULL, NULL, NULL),
	(2, '2019-05-26 21:45:36', NULL, 200, NULL, '4540', NULL, 'TEST 09398861266', NULL, '18:4540:90', NULL, NULL, NULL, NULL, NULL, NULL, NULL, NULL, '3', NULL, NULL, NULL),
	(3, '2019-05-26 21:54:04', NULL, 200, NULL, '4540', NULL, 'TEST 09398861266', NULL, '18:4540:91', NULL, NULL, NULL, NULL, NULL, NULL, NULL, NULL, '5', NULL, NULL, NULL),
	(4, '2019-05-26 21:54:25', NULL, 200, NULL, '4540', NULL, 'TEST 09398861266', NULL, '18:4540:92', NULL, NULL, NULL, NULL, NULL, NULL, NULL, NULL, '6', NULL, NULL, NULL),
	(5, '2019-05-26 21:54:46', NULL, 200, NULL, '4540', NULL, 'TEST 09398861266', NULL, '18:4540:93', NULL, NULL, NULL, NULL, NULL, NULL, NULL, NULL, '7', NULL, NULL, NULL),
	(6, '2019-05-27 21:13:58', NULL, 200, NULL, '*100*3*1*{09954572368}*1*1#', NULL, '', NULL, '', NULL, NULL, NULL, NULL, NULL, NULL, NULL, NULL, '16', NULL, NULL, NULL),
	(7, '2019-05-27 21:20:09', NULL, 300, NULL, '', NULL, '', NULL, '', NULL, NULL, NULL, NULL, NULL, NULL, NULL, NULL, '17', NULL, NULL, NULL),
	(8, '2019-05-27 21:20:35', NULL, 200, NULL, '*100*3*1*{09954572368}*1*1#', NULL, '', NULL, '', NULL, NULL, NULL, NULL, NULL, NULL, NULL, NULL, '18', NULL, NULL, NULL),
	(9, '2019-05-27 21:31:12', NULL, 300, NULL, '4540', NULL, 'GT10 09388257463', NULL, '', NULL, NULL, NULL, NULL, NULL, NULL, NULL, NULL, '20', NULL, NULL, NULL),
	(10, '2019-06-02 19:38:25', NULL, 200, NULL, '*100*3*1*{09455368073}*1*1#', NULL, '', NULL, '', NULL, NULL, NULL, NULL, NULL, NULL, NULL, NULL, '23', NULL, NULL, NULL);
/*!40000 ALTER TABLE `messagelog` ENABLE KEYS */;

-- Dumping structure for table apiserver.messageout
DROP TABLE IF EXISTS `messageout`;
CREATE TABLE IF NOT EXISTS `messageout` (
  `Id` int(10) unsigned NOT NULL AUTO_INCREMENT,
  `MessageTo` varchar(191) COLLATE utf8mb4_unicode_ci DEFAULT NULL,
  `MessageFrom` varchar(191) COLLATE utf8mb4_unicode_ci DEFAULT NULL,
  `MessageText` text COLLATE utf8mb4_unicode_ci,
  `MessageType` varchar(191) COLLATE utf8mb4_unicode_ci DEFAULT NULL,
  `MessageGuid` text COLLATE utf8mb4_unicode_ci,
  `MessageInfo` text COLLATE utf8mb4_unicode_ci,
  `Gateway` varchar(191) COLLATE utf8mb4_unicode_ci DEFAULT NULL,
  `UserId` varchar(191) COLLATE utf8mb4_unicode_ci DEFAULT NULL,
  `UserInfo` text COLLATE utf8mb4_unicode_ci,
  `Priority` int(11) DEFAULT NULL,
  `Scheduled` datetime DEFAULT NULL,
  `ValidityPeriod` int(11) DEFAULT NULL,
  `IsSent` tinyint(4) NOT NULL DEFAULT '0',
  `IsRead` tinyint(4) NOT NULL DEFAULT '0',
  `created_at` timestamp NULL DEFAULT NULL,
  `updated_at` timestamp NULL DEFAULT NULL,
  PRIMARY KEY (`Id`)
) ENGINE=InnoDB AUTO_INCREMENT=10 DEFAULT CHARSET=utf8mb4 COLLATE=utf8mb4_unicode_ci;

-- Dumping data for table apiserver.messageout: ~9 rows (approximately)
DELETE FROM `messageout`;
/*!40000 ALTER TABLE `messageout` DISABLE KEYS */;
INSERT INTO `messageout` (`Id`, `MessageTo`, `MessageFrom`, `MessageText`, `MessageType`, `MessageGuid`, `MessageInfo`, `Gateway`, `UserId`, `UserInfo`, `Priority`, `Scheduled`, `ValidityPeriod`, `IsSent`, `IsRead`, `created_at`, `updated_at`) VALUES
	(1, '343', '09398861266', '15 09398861266', 'Default', NULL, NULL, 'Smart01', '2', '0', 0, '2019-05-26 21:34:26', 0, 1, 0, '2019-05-26 21:34:26', '2019-05-26 21:34:26'),
	(2, '4540', '09398861266', 'TEST 09398861266', 'Default', NULL, NULL, 'Smart01', '3', '0', 0, '2019-05-26 21:45:29', 0, 1, 0, '2019-05-26 21:45:29', '2019-05-26 21:45:29'),
	(3, '4540', '09398861266', 'TEST 09398861266', 'Default', NULL, NULL, 'Smart01', '5', '0', 0, '2019-05-26 21:53:59', 0, 1, 0, '2019-05-26 21:53:59', '2019-05-26 21:53:59'),
	(4, '4540', '09398861266', 'TEST 09398861266', 'Default', NULL, NULL, 'Smart01', '6', '0', 0, '2019-05-26 21:54:19', 0, 1, 0, '2019-05-26 21:54:19', '2019-05-26 21:54:19'),
	(5, '4540', '09398861266', 'TEST 09398861266', 'Default', NULL, NULL, 'Smart01', '7', '0', 0, '2019-05-26 21:54:39', 0, 1, 0, '2019-05-26 21:54:39', '2019-05-26 21:54:39'),
	(6, '*100*3*1*{09954572368}*1*1#', '09954572368', '', 'gsm.ussd', NULL, NULL, 'Globe01', '16', '0', 0, '2019-05-27 21:13:57', 0, 1, 0, '2019-05-27 21:13:57', '2019-05-27 21:13:57'),
	(7, '', '09954572368', '', 'gsm.ussd', NULL, NULL, 'Globe01', '17', '0', 0, '2019-05-27 21:19:56', 0, 1, 0, '2019-05-27 21:19:56', '2019-05-27 21:19:56'),
	(8, '*100*3*1*{09954572368}*1*1#', '09954572368', '', 'gsm.ussd', NULL, NULL, 'Globe01', '18', '0', 0, '2019-05-27 21:20:31', 0, 1, 0, '2019-05-27 21:20:31', '2019-05-27 21:20:31'),
	(9, '4540', '09388257463', 'GT10 09388257463', 'Default', NULL, NULL, 'Smart01', '20', '0', 0, '2019-05-27 21:29:53', 0, 1, 0, '2019-05-27 21:29:53', '2019-05-27 21:29:53'),
	(10, '*100*3*1*{09455368073}*1*1#', '09455368073', '', 'gsm.ussd', NULL, NULL, 'Globe01', '23', '0', 0, '2019-06-02 19:38:20', 0, 1, 0, '2019-06-02 19:38:20', '2019-06-02 19:38:20');
/*!40000 ALTER TABLE `messageout` ENABLE KEYS */;

-- Dumping structure for table apiserver.migrations
DROP TABLE IF EXISTS `migrations`;
CREATE TABLE IF NOT EXISTS `migrations` (
  `id` int(10) unsigned NOT NULL AUTO_INCREMENT,
  `migration` varchar(191) COLLATE utf8mb4_unicode_ci NOT NULL,
  `batch` int(11) NOT NULL,
  PRIMARY KEY (`id`)
) ENGINE=InnoDB AUTO_INCREMENT=57 DEFAULT CHARSET=utf8mb4 COLLATE=utf8mb4_unicode_ci;

-- Dumping data for table apiserver.migrations: ~52 rows (approximately)
DELETE FROM `migrations`;
/*!40000 ALTER TABLE `migrations` DISABLE KEYS */;
INSERT INTO `migrations` (`id`, `migration`, `batch`) VALUES
	(1, '2014_10_12_000000_create_users_table', 1),
	(2, '2014_10_12_100000_create_password_resets_table', 1),
	(3, '2016_06_01_000001_create_oauth_auth_codes_table', 1),
	(4, '2016_06_01_000002_create_oauth_access_tokens_table', 1),
	(5, '2016_06_01_000003_create_oauth_refresh_tokens_table', 1),
	(6, '2016_06_01_000004_create_oauth_clients_table', 1),
	(7, '2016_06_01_000005_create_oauth_personal_access_clients_table', 1),
	(8, '2019_02_24_053959_create_messageout_table', 1),
	(9, '2019_02_24_091620_create_messagein_table', 1),
	(10, '2019_02_24_091947_create_messagelog_table', 1),
	(11, '2019_02_24_161420_create_client_credits_table', 1),
	(12, '2019_02_24_161624_create_client_transactions_table', 1),
	(13, '2019_02_25_033108_create_userinfo_table', 1),
	(14, '2019_03_01_022120_create_carriers_table', 1),
	(15, '2019_03_01_022307_create_gateways_table', 1),
	(16, '2019_03_01_022403_create__product_code_table', 1),
	(17, '2019_03_01_080606_create__client_allocation_table', 1),
	(18, '2019_03_02_124326_change_field_names_userinfo_table', 1),
	(19, '2019_03_02_130153_change_field_names_client_transactions_table', 1),
	(20, '2019_03_09_101004_add_is_active_column_users_table', 1),
	(21, '2019_03_09_104018_remove_type_column_to_userinfo_table', 1),
	(22, '2019_03_09_104033_add_type_column_to_users_table', 1),
	(23, '2019_03_12_151854_add_username_last_login_fields_users_table', 1),
	(24, '2019_03_16_114313_add_product_code_amount_charged_columns_client_transactions_table', 1),
	(25, '2019_03_16_115009_add_amountcharged_product_codes_table', 1),
	(26, '2019_03_16_115213_add_interval_company_name_userinfo_table', 1),
	(27, '2019_03_16_115241_remove_name_users_table', 1),
	(28, '2019_03_16_115302_add_credit_transactions_table', 1),
	(29, '2019_03_16_132551_add_credits_column_userinfo_table', 1),
	(30, '2019_03_17_172023_add_balance_column_client_transactions', 1),
	(31, '2019_03_20_103150_change_address_default_null_gateways_table', 1),
	(32, '2019_03_20_111535_add_is_deleted_column_users_table', 1),
	(33, '2019_03_20_112450_remove_unique_email_users_table', 1),
	(34, '2019_03_20_113220_add_is_deleted_column_gateways_table', 1),
	(35, '2019_03_24_123411_add_is_deleted_column_product_code_table', 1),
	(36, '2019_03_29_002013_set_start_end_date_nullable_client_allocation_table', 1),
	(37, '2019_04_16_144101_add_name_column_product_codes_table', 1),
	(38, '2019_04_16_200019_create_prefix_table', 1),
	(39, '2019_04_20_171830_change_created_at_message_in_table', 1),
	(40, '2019_05_02_202452_add_scanned_to_message_in_table', 1),
	(41, '2019_05_02_212507_add_status_to_client_transactions_table', 1),
	(42, '2019_05_04_135217_add_is_recurring_to_user_info_table', 1),
	(43, '2019_05_04_212336_add_reference_to_client_transaction', 1),
	(44, '2019_05_10_165442_change_budget_datatype_client_allocations_table', 1),
	(45, '2019_05_10_170146_change_budget_datatype_client_transaction_table', 1),
	(46, '2019_05_12_104735_add_success_failed_to_client_allocation_table', 1),
	(47, '2019_05_19_150402_create_inbox_table', 1),
	(48, '2019_05_24_223639_add_template_to_product_code_table', 1),
	(49, '2019_05_25_172719_change_ussd_template_default_product_codes_table', 1),
	(50, '2019_05_25_223730_change_balance_datatype_gateway_table', 1),
	(55, '2019_05_26_214233_set_ussd_template_nullable_productcode_table', 2),
	(56, '2019_05_30_225330_add_credit_payments_table', 2);
/*!40000 ALTER TABLE `migrations` ENABLE KEYS */;

-- Dumping structure for table apiserver.oauth_access_tokens
DROP TABLE IF EXISTS `oauth_access_tokens`;
CREATE TABLE IF NOT EXISTS `oauth_access_tokens` (
  `id` varchar(100) COLLATE utf8mb4_unicode_ci NOT NULL,
  `user_id` int(11) DEFAULT NULL,
  `client_id` int(10) unsigned NOT NULL,
  `name` varchar(191) COLLATE utf8mb4_unicode_ci DEFAULT NULL,
  `scopes` text COLLATE utf8mb4_unicode_ci,
  `revoked` tinyint(1) NOT NULL,
  `created_at` timestamp NULL DEFAULT NULL,
  `updated_at` timestamp NULL DEFAULT NULL,
  `expires_at` datetime DEFAULT NULL,
  PRIMARY KEY (`id`),
  KEY `oauth_access_tokens_user_id_index` (`user_id`)
) ENGINE=InnoDB DEFAULT CHARSET=utf8mb4 COLLATE=utf8mb4_unicode_ci;

-- Dumping data for table apiserver.oauth_access_tokens: ~3 rows (approximately)
DELETE FROM `oauth_access_tokens`;
/*!40000 ALTER TABLE `oauth_access_tokens` DISABLE KEYS */;
INSERT INTO `oauth_access_tokens` (`id`, `user_id`, `client_id`, `name`, `scopes`, `revoked`, `created_at`, `updated_at`, `expires_at`) VALUES
	('0d98fa8e0cd7077c562a05ec52e573b3046c14ccf9f823530b4c862aa31630ff82d02415658937ce', 2, 1, NULL, '[]', 0, '2019-05-26 21:34:19', '2019-05-26 21:34:19', '2020-05-26 21:34:19'),
	('79ac4fb21e005c2456146a50343efb14b6f7f28f0d59dbb683b551fdd3cd662b0b89a94082330ab2', 4, 3, NULL, '[]', 0, '2019-06-02 19:36:31', '2019-06-02 19:36:31', '2020-06-02 19:36:31'),
	('8be1602226568e3bc34eccade9bc5ef10fa6072f14eb11e592d4213d50aef4ec65307b036da017f2', 2, 1, NULL, '[]', 0, '2019-05-26 21:30:05', '2019-05-26 21:30:05', '2020-05-26 21:30:05'),
	('a913542883d1a1373e106500f5267299ca01474d4e29ed339edcfb6e81ef2d056e7be54cb7695340', 3, 2, NULL, '[]', 0, '2019-05-26 21:52:36', '2019-05-26 21:52:36', '2020-05-26 21:52:36');
/*!40000 ALTER TABLE `oauth_access_tokens` ENABLE KEYS */;

-- Dumping structure for table apiserver.oauth_auth_codes
DROP TABLE IF EXISTS `oauth_auth_codes`;
CREATE TABLE IF NOT EXISTS `oauth_auth_codes` (
  `id` varchar(100) COLLATE utf8mb4_unicode_ci NOT NULL,
  `user_id` int(11) NOT NULL,
  `client_id` int(10) unsigned NOT NULL,
  `scopes` text COLLATE utf8mb4_unicode_ci,
  `revoked` tinyint(1) NOT NULL,
  `expires_at` datetime DEFAULT NULL,
  PRIMARY KEY (`id`)
) ENGINE=InnoDB DEFAULT CHARSET=utf8mb4 COLLATE=utf8mb4_unicode_ci;

-- Dumping data for table apiserver.oauth_auth_codes: ~0 rows (approximately)
DELETE FROM `oauth_auth_codes`;
/*!40000 ALTER TABLE `oauth_auth_codes` DISABLE KEYS */;
/*!40000 ALTER TABLE `oauth_auth_codes` ENABLE KEYS */;

-- Dumping structure for table apiserver.oauth_clients
DROP TABLE IF EXISTS `oauth_clients`;
CREATE TABLE IF NOT EXISTS `oauth_clients` (
  `id` int(10) unsigned NOT NULL AUTO_INCREMENT,
  `user_id` int(11) DEFAULT NULL,
  `name` varchar(191) COLLATE utf8mb4_unicode_ci NOT NULL,
  `secret` varchar(100) COLLATE utf8mb4_unicode_ci NOT NULL,
  `redirect` text COLLATE utf8mb4_unicode_ci NOT NULL,
  `personal_access_client` tinyint(1) NOT NULL,
  `password_client` tinyint(1) NOT NULL,
  `revoked` tinyint(1) NOT NULL,
  `created_at` timestamp NULL DEFAULT NULL,
  `updated_at` timestamp NULL DEFAULT NULL,
  PRIMARY KEY (`id`),
  KEY `oauth_clients_user_id_index` (`user_id`)
) ENGINE=InnoDB AUTO_INCREMENT=3 DEFAULT CHARSET=utf8mb4 COLLATE=utf8mb4_unicode_ci;

-- Dumping data for table apiserver.oauth_clients: ~2 rows (approximately)
DELETE FROM `oauth_clients`;
/*!40000 ALTER TABLE `oauth_clients` DISABLE KEYS */;
INSERT INTO `oauth_clients` (`id`, `user_id`, `name`, `secret`, `redirect`, `personal_access_client`, `password_client`, `revoked`, `created_at`, `updated_at`) VALUES
	(1, 2, 'Unionbank', 'a6iDIxSczrNAtZFBU3NwEM9FVysgqhpEirJRr2Jr', '', 0, 1, 0, '2019-05-26 21:18:19', '2019-05-26 21:18:19'),
	(2, 3, 'PNB', 'JRx3jBDxIGMYVlBvqaQpQgylOudD8hUWyrt0jVP1', '', 0, 1, 0, '2019-05-26 21:47:47', '2019-05-26 21:47:47'),
	(3, 4, 'GCash', 'ojXyrEJRzv7LFrf9IpmJ5hkOxjWNOFzTATUrlOrT', '', 0, 1, 0, '2019-06-02 19:35:03', '2019-06-02 19:35:03');
/*!40000 ALTER TABLE `oauth_clients` ENABLE KEYS */;

-- Dumping structure for table apiserver.oauth_personal_access_clients
DROP TABLE IF EXISTS `oauth_personal_access_clients`;
CREATE TABLE IF NOT EXISTS `oauth_personal_access_clients` (
  `id` int(10) unsigned NOT NULL AUTO_INCREMENT,
  `client_id` int(10) unsigned NOT NULL,
  `created_at` timestamp NULL DEFAULT NULL,
  `updated_at` timestamp NULL DEFAULT NULL,
  PRIMARY KEY (`id`),
  KEY `oauth_personal_access_clients_client_id_index` (`client_id`)
) ENGINE=InnoDB DEFAULT CHARSET=utf8mb4 COLLATE=utf8mb4_unicode_ci;

-- Dumping data for table apiserver.oauth_personal_access_clients: ~0 rows (approximately)
DELETE FROM `oauth_personal_access_clients`;
/*!40000 ALTER TABLE `oauth_personal_access_clients` DISABLE KEYS */;
/*!40000 ALTER TABLE `oauth_personal_access_clients` ENABLE KEYS */;

-- Dumping structure for table apiserver.oauth_refresh_tokens
DROP TABLE IF EXISTS `oauth_refresh_tokens`;
CREATE TABLE IF NOT EXISTS `oauth_refresh_tokens` (
  `id` varchar(100) COLLATE utf8mb4_unicode_ci NOT NULL,
  `access_token_id` varchar(100) COLLATE utf8mb4_unicode_ci NOT NULL,
  `revoked` tinyint(1) NOT NULL,
  `expires_at` datetime DEFAULT NULL,
  PRIMARY KEY (`id`),
  KEY `oauth_refresh_tokens_access_token_id_index` (`access_token_id`)
) ENGINE=InnoDB DEFAULT CHARSET=utf8mb4 COLLATE=utf8mb4_unicode_ci;

-- Dumping data for table apiserver.oauth_refresh_tokens: ~3 rows (approximately)
DELETE FROM `oauth_refresh_tokens`;
/*!40000 ALTER TABLE `oauth_refresh_tokens` DISABLE KEYS */;
INSERT INTO `oauth_refresh_tokens` (`id`, `access_token_id`, `revoked`, `expires_at`) VALUES
	('1cf7f949256f99157cf0c96742cb57bd62b28553ab86e0e43903049c9ed31d8c3d519ad91c1c5869', '0d98fa8e0cd7077c562a05ec52e573b3046c14ccf9f823530b4c862aa31630ff82d02415658937ce', 0, '2020-05-26 21:34:19'),
	('644147e53ce5350c1ec1daa5d55affbac6bc4143d5d9b2b562b8d62a3f0b382a4f3d9dee70ab41ad', '79ac4fb21e005c2456146a50343efb14b6f7f28f0d59dbb683b551fdd3cd662b0b89a94082330ab2', 0, '2020-06-02 19:36:31'),
	('a16feb496d79a493e5952de1773c21ae04e0fd7df41e76ff716a2465e2bef091e9370b2c035812b8', 'a913542883d1a1373e106500f5267299ca01474d4e29ed339edcfb6e81ef2d056e7be54cb7695340', 0, '2020-05-26 21:52:36'),
	('bf95b84d7595c711c00b9606242f1762790542a59e280ce2973ba805fa1d02d9eca69f2d90eab222', '8be1602226568e3bc34eccade9bc5ef10fa6072f14eb11e592d4213d50aef4ec65307b036da017f2', 0, '2020-05-26 21:30:05');
/*!40000 ALTER TABLE `oauth_refresh_tokens` ENABLE KEYS */;

-- Dumping structure for table apiserver.password_resets
DROP TABLE IF EXISTS `password_resets`;
CREATE TABLE IF NOT EXISTS `password_resets` (
  `email` varchar(191) COLLATE utf8mb4_unicode_ci NOT NULL,
  `token` varchar(191) COLLATE utf8mb4_unicode_ci NOT NULL,
  `created_at` timestamp NULL DEFAULT NULL,
  KEY `password_resets_email_index` (`email`)
) ENGINE=InnoDB DEFAULT CHARSET=utf8mb4 COLLATE=utf8mb4_unicode_ci;

-- Dumping data for table apiserver.password_resets: ~0 rows (approximately)
DELETE FROM `password_resets`;
/*!40000 ALTER TABLE `password_resets` DISABLE KEYS */;
/*!40000 ALTER TABLE `password_resets` ENABLE KEYS */;

-- Dumping structure for table apiserver.prefix
DROP TABLE IF EXISTS `prefix`;
CREATE TABLE IF NOT EXISTS `prefix` (
  `PrefixID` int(10) unsigned NOT NULL AUTO_INCREMENT,
  `Code` varchar(191) COLLATE utf8mb4_unicode_ci DEFAULT NULL,
  `CarrierID` int(11) DEFAULT NULL,
  `created_at` timestamp NULL DEFAULT NULL,
  `updated_at` timestamp NULL DEFAULT NULL,
  PRIMARY KEY (`PrefixID`)
) ENGINE=InnoDB AUTO_INCREMENT=73 DEFAULT CHARSET=utf8mb4 COLLATE=utf8mb4_unicode_ci;

-- Dumping data for table apiserver.prefix: ~72 rows (approximately)
DELETE FROM `prefix`;
/*!40000 ALTER TABLE `prefix` DISABLE KEYS */;
INSERT INTO `prefix` (`PrefixID`, `Code`, `CarrierID`, `created_at`, `updated_at`) VALUES
	(1, '0817', 2, '2019-05-26 21:11:36', NULL),
	(2, '0973', 2, '2019-05-26 21:11:36', NULL),
	(3, '09173', 2, '2019-05-26 21:11:36', NULL),
	(4, '09178', 2, '2019-05-26 21:11:36', NULL),
	(5, '09175', 2, '2019-05-26 21:11:36', NULL),
	(6, '09253', 2, '2019-05-26 21:11:36', NULL),
	(7, '09257', 2, '2019-05-26 21:11:36', NULL),
	(8, '09176', 2, '2019-05-26 21:11:36', NULL),
	(9, '09255', 2, '2019-05-26 21:11:36', NULL),
	(10, '09258', 2, '2019-05-26 21:11:36', NULL),
	(11, '0922', 3, '2019-05-26 21:11:36', NULL),
	(12, '0931', 3, '2019-05-26 21:11:36', NULL),
	(13, '0941', 3, '2019-05-26 21:11:36', NULL),
	(14, '0923', 3, '2019-05-26 21:11:36', NULL),
	(15, '0932', 3, '2019-05-26 21:11:36', NULL),
	(16, '0942', 3, '2019-05-26 21:11:36', NULL),
	(17, '0924', 3, '2019-05-26 21:11:36', NULL),
	(18, '0933', 3, '2019-05-26 21:11:36', NULL),
	(19, '0943', 3, '2019-05-26 21:11:36', NULL),
	(20, '0925', 3, '2019-05-26 21:11:36', NULL),
	(21, '0934', 3, '2019-05-26 21:11:36', NULL),
	(22, '0944', 3, '2019-05-26 21:11:36', NULL),
	(23, '0907', 1, '2019-05-26 21:11:36', NULL),
	(24, '0912', 1, '2019-05-26 21:11:36', NULL),
	(25, '0946', 1, '2019-05-26 21:11:36', NULL),
	(26, '0909', 1, '2019-05-26 21:11:36', NULL),
	(27, '0930', 1, '2019-05-26 21:11:36', NULL),
	(28, '0948', 1, '2019-05-26 21:11:36', NULL),
	(29, '0910', 1, '2019-05-26 21:11:36', NULL),
	(30, '0938', 1, '2019-05-26 21:11:36', NULL),
	(31, '0950', 1, '2019-05-26 21:11:36', NULL),
	(32, '0813', 1, '2019-05-26 21:11:36', NULL),
	(33, '0913', 1, '2019-05-26 21:11:36', NULL),
	(34, '0919', 1, '2019-05-26 21:11:36', NULL),
	(35, '0928', 1, '2019-05-26 21:11:36', NULL),
	(36, '0947', 1, '2019-05-26 21:11:36', NULL),
	(37, '0981', 1, '2019-05-26 21:11:36', NULL),
	(38, '0908', 1, '2019-05-26 21:11:36', NULL),
	(39, '0914', 1, '2019-05-26 21:11:36', NULL),
	(40, '0920', 1, '2019-05-26 21:11:36', NULL),
	(41, '0929', 1, '2019-05-26 21:11:36', NULL),
	(42, '0949', 1, '2019-05-26 21:11:36', NULL),
	(43, '0989', 1, '2019-05-26 21:11:36', NULL),
	(44, '0911', 1, '2019-05-26 21:11:36', NULL),
	(45, '0918', 1, '2019-05-26 21:11:36', NULL),
	(46, '0921', 1, '2019-05-26 21:11:36', NULL),
	(47, '0939', 1, '2019-05-26 21:11:36', NULL),
	(48, '0970', 1, '2019-05-26 21:11:36', NULL),
	(49, '0998', 1, '2019-05-26 21:11:36', NULL),
	(50, '0904', 2, '2019-05-26 21:11:36', NULL),
	(51, '0916', 2, '2019-05-26 21:11:36', NULL),
	(52, '0935', 2, '2019-05-26 21:11:36', NULL),
	(53, '0965', 2, '2019-05-26 21:11:36', NULL),
	(54, '0976', 2, '2019-05-26 21:11:36', NULL),
	(55, '0994', 2, '2019-05-26 21:11:36', NULL),
	(56, '0905', 2, '2019-05-26 21:11:36', NULL),
	(57, '0917', 2, '2019-05-26 21:11:36', NULL),
	(58, '0936', 2, '2019-05-26 21:11:36', NULL),
	(59, '0966', 2, '2019-05-26 21:11:36', NULL),
	(60, '0977', 2, '2019-05-26 21:11:36', NULL),
	(61, '0995', 2, '2019-05-26 21:11:36', NULL),
	(62, '0906', 2, '2019-05-26 21:11:36', NULL),
	(63, '0926', 2, '2019-05-26 21:11:36', NULL),
	(64, '0945', 2, '2019-05-26 21:11:36', NULL),
	(65, '0967', 2, '2019-05-26 21:11:36', NULL),
	(66, '0978', 2, '2019-05-26 21:11:36', NULL),
	(67, '0997', 2, '2019-05-26 21:11:36', NULL),
	(68, '0915', 2, '2019-05-26 21:11:36', NULL),
	(69, '0927', 2, '2019-05-26 21:11:36', NULL),
	(70, '0956', 2, '2019-05-26 21:11:36', NULL),
	(71, '0975', 2, '2019-05-26 21:11:36', NULL),
	(72, '0979', 2, '2019-05-26 21:11:36', NULL);
/*!40000 ALTER TABLE `prefix` ENABLE KEYS */;

-- Dumping structure for table apiserver.product_codes
DROP TABLE IF EXISTS `product_codes`;
CREATE TABLE IF NOT EXISTS `product_codes` (
  `ProductCodeID` int(10) unsigned NOT NULL AUTO_INCREMENT,
  `CarrierID` int(11) NOT NULL,
  `RegisterTo` varchar(191) COLLATE utf8mb4_unicode_ci NOT NULL,
  `Code` varchar(191) COLLATE utf8mb4_unicode_ci NOT NULL,
  `Name` varchar(191) COLLATE utf8mb4_unicode_ci DEFAULT NULL,
  `USSDTemplate` varchar(191) COLLATE utf8mb4_unicode_ci DEFAULT '',
  `Amount` double NOT NULL,
  `AmountCharged` double NOT NULL DEFAULT '0',
  `Status` int(11) NOT NULL,
  `created_at` timestamp NULL DEFAULT NULL,
  `updated_at` timestamp NULL DEFAULT NULL,
  `Is_Deleted` int(11) NOT NULL DEFAULT '0',
  PRIMARY KEY (`ProductCodeID`)
) ENGINE=InnoDB AUTO_INCREMENT=35 DEFAULT CHARSET=utf8mb4 COLLATE=utf8mb4_unicode_ci;

-- Dumping data for table apiserver.product_codes: ~34 rows (approximately)
DELETE FROM `product_codes`;
/*!40000 ALTER TABLE `product_codes` DISABLE KEYS */;
INSERT INTO `product_codes` (`ProductCodeID`, `CarrierID`, `RegisterTo`, `Code`, `Name`, `USSDTemplate`, `Amount`, `AmountCharged`, `Status`, `created_at`, `updated_at`, `Is_Deleted`) VALUES
	(1, 1, '343', '15', 'Regular Load 15', '', 15, 14.37, 1, NULL, NULL, 0),
	(2, 1, '343', '30', 'Regular Load 30', '', 30, 28.07, 1, NULL, NULL, 0),
	(3, 1, '343', '50', 'Regular Load 50', '', 50, 46.78, 1, NULL, NULL, 0),
	(4, 1, '343', '60', 'Regular Load 60', '', 60, 56.14, 1, NULL, NULL, 0),
	(5, 1, '343', '100', 'Regular Load 100', '', 100, 93.56, 1, NULL, NULL, 0),
	(6, 1, '343', '115', 'Regular Load 115', '', 115, 107.59, 1, NULL, NULL, 0),
	(7, 1, '343', '200', 'Regular Load 200', '', 200, 187.12, 1, NULL, NULL, 0),
	(8, 1, '343', '300', 'Regular Load 300', '', 300, 280.68, 1, NULL, NULL, 0),
	(9, 1, '343', '500', 'Regular Load 500', '', 500, 467.8, 1, NULL, NULL, 0),
	(10, 1, '343', '1000', 'Regular Load 1000', '', 1000, 935.6, 1, NULL, NULL, 0),
	(11, 1, '6406', 'Text50', 'Big Unlitext 50', '', 50, 46.78, 1, NULL, NULL, 0),
	(12, 1, '6406', 'Call100', 'Big Calls 100', '', 100, 93.56, 1, NULL, NULL, 0),
	(13, 1, '343', 'AT30', 'All Text 30 Plus', '', 30, 28.07, 1, NULL, NULL, 0),
	(14, 1, '343', '10', 'All Text 10', '', 10, 9.36, 1, NULL, NULL, 0),
	(15, 1, '343', 'ALLIN99', 'All-In 99', '', 99, 92.62, 1, NULL, NULL, 0),
	(16, 1, '343', 'AI250', 'Mega All-In 250', '', 250, 233.9, 1, NULL, NULL, 0),
	(17, 1, '6707', 'UCT25', 'Unli Call & Text 25', '', 25, 23.39, 1, NULL, NULL, 0),
	(18, 1, '6707', 'UCT30', 'Unli Call & Text 30', '', 30, 28.07, 1, NULL, NULL, 0),
	(19, 1, '6707', 'UCT50', 'Unli Call & Text 50', '', 50, 46.78, 1, NULL, NULL, 0),
	(20, 1, '4540', 'GT10', 'GaanTxt 10', '', 10, 9.36, 1, NULL, NULL, 0),
	(21, 1, '4540', 'GT20', 'GaanTxt 20', '', 20, 18.71, 1, NULL, NULL, 0),
	(22, 1, '4540', 'GA15', 'Gaan All-in-one 15', '', 15, 14.03, 1, NULL, NULL, 0),
	(23, 1, '4540', 'GA20', 'Gaan All-in-one 20', '', 20, 18.71, 1, NULL, NULL, 0),
	(24, 1, '4540', 'GA30', 'Gaan All-in-one 30', '', 30, 28.07, 1, NULL, NULL, 0),
	(25, 1, '4540', 'GU15', 'Gaan UnliTxt Plus 15', '', 15, 14.03, 1, NULL, NULL, 0),
	(26, 1, '4540', 'GU20', 'Gaan UnliTxt Plus 20', '', 20, 18.71, 1, NULL, NULL, 0),
	(27, 1, '4540', 'GU30', 'Gaan UnliTxt Plus 30', '', 30, 28.07, 1, NULL, NULL, 0),
	(28, 1, '4540', 'TOT10', 'Patok-O-Tex 10', '', 10, 9.36, 1, NULL, NULL, 0),
	(29, 1, '4540', 'T20', 'UnliTalkPlus20', '', 20, 18.71, 1, NULL, NULL, 0),
	(30, 1, '4540', 'T100', 'UnliTalkPlus100', '', 100, 93.56, 1, NULL, NULL, 0),
	(31, 2, '100', '10', 'Regular Load 10', '*100*1*{number}*10*1#', 10, 9.55, 1, NULL, '2019-05-27 20:34:32', 0),
	(32, 1, '4540', 'TEST', 'Test Product Code', NULL, 10, 9.33, 1, '2019-05-26 21:44:20', '2019-05-26 21:44:20', 0),
	(33, 2, '100', 'GOSURF10', 'GOSURF10', '*100*3*1*{number}*1*1#', 10, 9.55, 1, '2019-05-27 20:32:07', '2019-05-27 20:34:39', 0),
	(34, 2, '100', 'TEST', 'Test Product Code', NULL, 10, 10, 1, '2019-05-27 21:19:34', '2019-05-27 21:19:44', 0);
/*!40000 ALTER TABLE `product_codes` ENABLE KEYS */;

-- Dumping structure for table apiserver.userinfo
DROP TABLE IF EXISTS `userinfo`;
CREATE TABLE IF NOT EXISTS `userinfo` (
  `UserInfoID` int(10) unsigned NOT NULL AUTO_INCREMENT,
  `UserID` int(11) NOT NULL,
  `CompanyName` varchar(191) COLLATE utf8mb4_unicode_ci DEFAULT NULL,
  `Interval` int(11) NOT NULL DEFAULT '1',
  `Credits` double NOT NULL DEFAULT '0',
  `IsRecurring` int(11) NOT NULL DEFAULT '0',
  `created_at` timestamp NULL DEFAULT NULL,
  `updated_at` timestamp NULL DEFAULT NULL,
  PRIMARY KEY (`UserInfoID`)
) ENGINE=InnoDB AUTO_INCREMENT=3 DEFAULT CHARSET=utf8mb4 COLLATE=utf8mb4_unicode_ci;

-- Dumping data for table apiserver.userinfo: ~2 rows (approximately)
DELETE FROM `userinfo`;
/*!40000 ALTER TABLE `userinfo` DISABLE KEYS */;
INSERT INTO `userinfo` (`UserInfoID`, `UserID`, `CompanyName`, `Interval`, `Credits`, `IsRecurring`, `created_at`, `updated_at`) VALUES
	(1, 2, 'Unionbank', 1, 200000, 0, '2019-05-26 21:18:17', '2019-05-26 21:29:15'),
	(2, 3, 'PNB', 2, 350000, 0, '2019-05-26 21:47:47', '2019-05-26 21:47:47'),
	(3, 4, 'GCash', 2, 250000, 0, '2019-06-02 19:35:02', '2019-06-02 19:35:02');
/*!40000 ALTER TABLE `userinfo` ENABLE KEYS */;

-- Dumping structure for table apiserver.users
DROP TABLE IF EXISTS `users`;
CREATE TABLE IF NOT EXISTS `users` (
  `id` int(10) unsigned NOT NULL AUTO_INCREMENT,
  `username` varchar(191) COLLATE utf8mb4_unicode_ci NOT NULL,
  `email` varchar(191) COLLATE utf8mb4_unicode_ci NOT NULL,
  `email_verified_at` timestamp NULL DEFAULT NULL,
  `password` varchar(191) COLLATE utf8mb4_unicode_ci NOT NULL,
  `is_active` tinyint(4) NOT NULL DEFAULT '1',
  `remember_token` varchar(100) COLLATE utf8mb4_unicode_ci DEFAULT NULL,
  `created_at` timestamp NULL DEFAULT NULL,
  `updated_at` timestamp NULL DEFAULT NULL,
  `type` int(11) NOT NULL,
  `last_login` timestamp NULL DEFAULT NULL,
  `is_deleted` int(11) NOT NULL DEFAULT '0',
  PRIMARY KEY (`id`)
) ENGINE=InnoDB AUTO_INCREMENT=4 DEFAULT CHARSET=utf8mb4 COLLATE=utf8mb4_unicode_ci;

-- Dumping data for table apiserver.users: ~3 rows (approximately)
DELETE FROM `users`;
/*!40000 ALTER TABLE `users` DISABLE KEYS */;
INSERT INTO `users` (`id`, `username`, `email`, `email_verified_at`, `password`, `is_active`, `remember_token`, `created_at`, `updated_at`, `type`, `last_login`, `is_deleted`) VALUES
	(1, 'admin', 'admin@gateway.com', NULL, '$2y$10$ZYzF/0rYQWVIOpoGFXKvIeHje2bEjreGE5fUbNBcl/VoXM.1isHAK', 1, '6xrs6UGZEPL1IkY4VmY9ZE5W7qeo494UDw1pzz9bnntBIfQ3MjusbGnV154n', '2019-05-26 21:11:35', '2019-06-02 18:02:03', 1, '2019-06-02 18:02:03', 0),
	(2, 'unionbank', 'admin@unionbank.com', NULL, '$2y$10$JSnKBhWrCEr.1j/lWyDPzuK2aEakmCItJ0Bf.iOekVl3RVgo3IZA.', 1, '4Aj2OCY9FCUiz63TTo0RjAU8bxMlco3OXHVB0ki81RSKuzsPOHGt0c95CQvK', '2019-05-26 21:18:17', '2019-05-27 20:21:08', 2, '2019-05-27 20:21:08', 0),
	(3, 'pnb', 'admin@pnb.com', NULL, '$2y$10$k3x5I/43LXyGA0R.7O01Iek0klc6g1G1IOtThDiWIxMrkoKz1Lzp2', 1, 'b98Q4zwmu7TQbE2cSRYTEaySYju5h2b5rDHQJNHyGQlkHczA7I5ObTr5tlix', '2019-05-26 21:47:47', '2019-05-27 21:42:10', 2, '2019-05-27 21:42:10', 0),
	(4, 'gcash', 'admin@gcash.com', NULL, '$2y$10$hWDr/UkQfizBw0xiI6789uT3IAYAQ.xmhJBZYFCyEyOfr5fkQ6H1i', 1, NULL, '2019-06-02 19:35:02', '2019-06-02 19:35:02', 2, NULL, 0);
/*!40000 ALTER TABLE `users` ENABLE KEYS */;

/*!40101 SET SQL_MODE=IFNULL(@OLD_SQL_MODE, '') */;
/*!40014 SET FOREIGN_KEY_CHECKS=IF(@OLD_FOREIGN_KEY_CHECKS IS NULL, 1, @OLD_FOREIGN_KEY_CHECKS) */;
/*!40101 SET CHARACTER_SET_CLIENT=@OLD_CHARACTER_SET_CLIENT */;
